{"cameraMode":{"drawMode":0,"name":"Shaded","section":"Shading Mode"},"sceneLighting":false,"audioPlay":false,"sceneViewState":{"m_AlwaysRefresh":false,"showFog":true,"showSkybox":false,"showFlares":true,"showImageEffects":true,"showParticleSystems":true,"showVisualEffectGraphs":true,"m_FxEnabled":true},"in2DMode":false,"pivot":{"x":29.99555778503418,"y":2.0349388122558595,"z":40.72349166870117},"rotation":{"x":-0.037321917712688449,"y":-0.8577131032943726,"z":0.5089065432548523,"w":-0.06289935111999512},"size":2.6499478816986086,"orthographic":false}